id,title,doi,pdf
5,3D near infrared and ultrasound imaging of peripheral blood vessels for real-time localization and needle guidance,10.1007/978-3-319-46726-9_45,False
12,A Brain-Computer Interface Based on a Few-Channel EEG-fNIRS Bimodal System,10.1109/ACCESS.2016.2637409,False
16,A Compact Continuous non-Invasive Glucose Monitoring System with Phase-Sensitive Front End,10.1109/BIOCAS.2018.8584693,False
17,A compact multispectral image capture unit for deployment on drones,10.1109/I2MTC.2016.7520445,False
18,A compact NIR fluorescence imaging system with goggle display for intraoperative guidance,10.1109/ISCAS.2015.7168960,False
19,A Configurable Wireless Optical Brain Monitor Based on Internet-of-Things Services,10.1109/ICEECCOT43722.2018.9001456,False
20,A Cost Effective and Field Deployable System for Soil Macronutrient Analysis Based on Near-Infrared Reflectance Spectroscopy,10.1007/978-981-13-6435-8_23,False
21,A cost-effective and portable optical sensor system to estimate leaf nitrogen and water contents in crops,10.3390/s20051449,False
22,A depth camera for natural human-computer interaction based on near-infrared imaging and structured light,10.1117/12.2190642,False
24,A diagnostic visible/near infrared tool for a fully automated olive ripeness evaluation in a view of a simplified optical system,10.1016/j.compag.2020.105887,False
26,A filter-based method to calculate heart rate from near infrared video,10.1109/SCIS-ISIS.2018.00182,False
27,A five band near-infrared portable sensor in nondestructively predicting the internal quality of pineapples,10.1109/CSPA.2017.8064938,False
30,A Kinect-Based Wearable Face Recognition System to Aid Visually Impaired Users,10.1109/THMS.2016.2604367,False
31,A low-cost and portable smart instrumentation for detecting colorectal cancer cells,10.3390/app9173510,False
32,A low-cost method for collecting hyperspectral measurements from a small unmanned aircraft system,10.1117/12.2305934,False
33,A low-cost multichannel NIRS oximeter for monitoring systemic low-frequency oscillations,10.1007/s00521-020-04897-5,False
34,A Low-Cost NIR Digital Photometer Based on InGaAs Sensors for the Detection of Milk Adulterations With Water,10.1109/JSEN.2016.2530873,False
36,A Luminescence Signal Detector for Oncofluorometry of the Near Infrared Region,10.1134/S1064226921010095,False
37,A miniature design of near infrared spectrometer with wide field of view,10.1117/12.2072129,False
38,A Miniature Near-infrared Spectrometer Based on Linear Variable Filter,10.1109/ICOCN.2019.8934424,False
39,A miniaturized colorimeter with a novel design and high precision for photometric detection,10.3390/s18030818,False
40,A miniaturized near infrared spectrometer for non-invasive sensing of bio-markers as a wearable healthcare solution,10.1117/12.2256293,False
43,A multimodal drowsiness monitoring ear-module system with closed-loop real-time alarm,10.1109/BioCAS.2016.7833850,False
44,A near-infrared gas sensor system based on tunable laser absorption spectroscopy and its application in CH<inf>4</inf>/C<inf>2</inf>H<inf>2</inf> detection,10.1117/12.2250965,False
45,A Neuroimaging Approach to Evaluate Choices and Compare Performance of Tower Air Traffic Controllers During Missed Approaches,10.1007/978-3-030-50353-6_8,False
48,A New Low-Cost And Portable Optical Device For Real-Time Assessment Of Tissue Microcirculation,10.1109/TIPTEKNO.2019.8895200,False
50,A new near-infrared spectroscopy system for detection of hemoglobin and water concentration changes during a human activity,10.1109/ROBIONETICS.2013.6743608,False
52,A Non-Invasive Blood Insulin and Glucose Monitoring System Based on Near-Infrared Spectroscopy with Remote Data Logging,10.1109/CBMS.2018.00055,False
53,A noninvasive device for simultaneous monitoring arterial and venous blood oxygenation and its test in vacuum-based cupping therapy,10.1109/INEC.2016.7589311,False
55,A novel approach to classify edible oil using multiple classifier fusion based on spectral data,10.1109/ICICPI.2016.7859684,False
56,A novel device for non-invasive assessment of extravasation during injection by NIRS technology,10.1109/ICSENS.2017.8234371,False
59,A pilot exploration on the use of NIR monitored haemodynamics in gesture recognition for transradial prosthesis control,10.1016/j.iswa.2021.200045,False
60,A portable detector on main compositions of raw and homogenized milk,10.1016/j.compag.2020.105668,False
61,A portable device for detecting fruit quality by diffuse reflectance Vis/NIR spectroscopy,10.1117/12.2262526,False
62,A portable device for rapid nondestructive detection of fresh meat quality,10.1117/12.2050142,False
63,A Portable Functional Near-Infrared Spectroscopy System Using 4-wavelength LEDs,10.23919/ICCAS47443.2019.8971536,False
64,A portable IoT NIR spectroscopic system to analyze the quality of dairy farm forage,10.1016/j.compag.2020.105578,False
65,A portable multi-channel wireless NIRS device for muscle activity real-time monitoring,10.1109/EMBC.2014.6944431,False
66,A portable near infrared spectrometer as a non-destructive tool for rapid screening of solid density stalk in a sugarcane breeding program,10.1016/j.sbsr.2018.07.001,False
67,A portable non-invasive blood glucose monitoring device,10.1109/IECBES.2014.7047655,False
68,A portable nondestructive detection device of quality and nutritional parameters of meat using Vis/NIR spectroscopy,10.1117/12.2262508,False
69,A portable nondestructive real-time detection system for inspection of pork quality attributes using Vis/NIR spectral technique,10.1117/12.2223299,False
70,A Portable Three-Dimensional Image Reconstruction System for Breast Tumor Detection,10.1109/BIOCAS.2018.8584714,False
73,A Prototype Wristwatch Device for Monitoring Vital Signs Using Multi-wavelength Photoplethysmography Sensors,10.1007/978-3-030-68452-5_32,False
75,A Real-Time Three-Dimensional Diffuse Optical Tomography System for Breast Tumor Detection,10.1109/ICCE-China.2018.8448832,False
76,A Rehabilitation Device for Paralyzed Disabled People Based on an Eye Tracker and fNIRS,10.1007/978-3-030-60577-3_7,False
80,A simple and low-cost apparatus of near-infrared for defect examination in tomato,10.1109/EECCIS49483.2020.9263438,False
82,A space identification system and its robot application using wearable devices,10.1109/URAI.2012.6462970,False
83,A VCSEL-based NIR transillumination system for morpho-functional imaging,10.3390/s19040851,False
84,A vein display system based on three-dimensional reconstruction,10.1117/12.2071633,False
85,A versatile optical system for metrology and defects inspection of 3D integration processes,10.1109/LTB-3D.2012.6238088,False
88,A wearable computing system for wireless communication and gesture based human computer interface,10.1109/NGCT.2016.7877459,False
91,A wearable integrated textile EMG and muscle oximetry system for monitoring exercise-induced effects: a feasibility study,10.1109/MeMeA.2018.8438785,False
92,A wearable near infrared and tonometry-based headband for cerebrovascular autoregulation monitor,10.1109/ICITBE54178.2021.00062,False
93,A wearable wireless fNIRS system,10.1145/3180382.3180391,False
95,A Wireless fNIRS Patch with Short-Channel Regression to Improve Detection of Hemodynamic Response of Brain,10.1109/ICEECCOT43722.2018.9001342,False
96,A wireless near-infrared imaging system design for breast tumor detection,10.1109/ICCE.2014.6775984,False
97,A wireless wearable sEMG and NIRS acquisition system for an enhanced human-computer interface,10.1109/smc.2014.6974249,False
98,Absolute measurement of tissue oxygen saturation with NIRS,,False
108,Airfinger: Micro finger gesture recognition via NIR light sensing for smart devices,10.1109/ICDCS47774.2020.00073,False
111,An Accurate Noninvasive Blood Glucose Measurement System Using Portable Near-Infrared Spectrometer and Transfer Learning Framework,10.1109/JSEN.2020.3025826,False
118,"An Integrated Widefield Imaging and Spectroscopy System for Contrast-Enhanced, Image-Guided Resection of Tumors",10.1109/TBME.2015.2389626,False
126,An Ultra-miniaturized Near Infrared Spectroscopy System to Assess Sleep Apnea in Children with Down Syndrome,10.1109/EMBC.2018.8513038,False
130,Anger-Based BCI Using FNIRS Neurofeedback,10.1145/2807442.2807447,False
132,Application of Handheld NIR Spectroscopy for Detection of Adulteration in Turmeric Powder,10.1109/ICACCS51430.2021.9441790,False
133,Application of miniaturized near-infrared spectroscopy in pharmaceutical identification,10.1016/j.smhl.2020.100126,False
135,Application of Near-Infrared Spectroscopy for Rice Characterization Using Machine Learning,10.1007/s40030-020-00459-z,False
139,Application of visible and shortwave near infrared spectrometer to predict sugarcane quality from different sample forms,10.1117/12.2029395,False
143,Assisted Medication Management in Elderly Care Using Miniaturised Near-Infrared Spectroscopy,10.1145/3214272,False
145,Autonomous robotic subcutaneous injection under near-infrared image guidance,10.1115/DETC2021-69087,False
148,Battery-free eye tracker on glasses,10.1145/3264877.3264885,False
150,"Berry cell vitality assessment and the effect on wine sensory traits based on chemical fingerprinting, canopy architecture and machine learning modelling",10.3390/s21217312,False
153,Bootstrap Analyses of Anxiety Index Measuring the Prefrontal Cortex of Subjects at Rest with Two-Channel Portable NIRS Device,10.1080/10447318.2016.1251694,False
155,Brain activation energy monitor system with self-developed NIRI sensor,10.1109/I2MTC.2017.7969720,False
156,Brain Activity Changes Elicited Through Multi-session Training Assessment in the Prefrontal Cortex by fNIRS,10.1007/978-3-030-78114-9_5,False
157,Brain based assessment of consumer preferences for cognition enhancing hot beverages,10.1007/978-3-030-20473-0_7,False
158,Brain in the loop learning using functional near infrared spectroscopy,10.1007/978-3-642-39454-6_40,False
159,Brain machine interface using portable Near-InfraRed spectroscopy - Improvement of classification performance based on ICA analysis and self-proliferating LVQ,10.1109/IROS.2013.6696450,False
162,Brain-computer interface using deep neural network and its application to mobile robot control,10.1109/AMC.2019.8371082,False
164,Brain-machine interfaces for assistive smart homes: A feasibility study with wearable near-infrared spectroscopy,10.1109/EMBC.2015.7318559,False
169,Camera-Recognizable and Human-Invisible Labelling for Privacy Protection,10.1109/MSN.2016.066,False
170,Capturing individual differences in prefrontal activity with wearable fNIRS for daily use,10.1109/HSI49210.2020.9142689,False
174,Characterizing spectral signatures for the moisture of grass land,,False
177,CIDER: Enabling robustness-power tradeoffs on a computational eyeglass,10.1145/2789168.2790096,False
179,Classification of food powders using handheld NIR spectrometer,10.1109/ICUFN.2017.7993887,False
180,Classification of Food Powders with Open Set using Portable VIS-NIR Spectrometer,10.1109/ICAIIC.2019.8668992,False
181,Classification of individual finger movements from right hand using fnirs signals,10.3390/s21237943,False
182,Classifying Major Depressive Disorder Using fNIRS During Motor Rehabilitation,10.1109/TNSRE.2020.2972270,False
183,Cloud Computing-Based Non-Invasive Glucose Monitoring for Diabetic Care,10.1109/TCSI.2017.2724012,False
184,Cloud thermodynamic phase detection with a 3-channel shortwave infrared polarimeter,10.1117/12.2305171,False
186,CMOS-compatible silicon nitride spectrometers for lab-on-a-chip spectral sensing,10.1117/12.2234978,False
188,Cognitive Workload Quantified by Physiological Sensors in Realistic Immersive Settings,10.1007/978-3-030-78114-9_9,False
189,Combining images near-infrared and visible data from cameras UAV,10.1117/12.2519538,False
194,"Compact, Portable, High-Density Functional Near-Infrared Spectroscopy System for Brain Imaging",10.1109/ACCESS.2020.3008748,False
199,Conditional-GAN Based Data Augmentation for Deep Learning Task Classifier Improvement Using fNIRS Data,10.3389/fdata.2021.659146,False
202,COPS - Combined oil quality and particle measurement system,10.1109/ICSensT.2012.6461742,False
211,Decision template fusion for classifying Indian edible oils using singular value decomposition on NIR spectrometry data,10.1109/ICRCICN.2016.7813661,False
214,Deep Real-Time Decoding of bimanual grip force from EEG & fNIRS,10.1109/NER49283.2021.9441409,False
215,Deep real-time decoding of bimanual grip force from EEG fNIRS,10.1109/NER49283.2021.9441409,False
222,Design and Algorithms of the Device to predict Blood Glucose Level based on Saliva Sample using Machine Learning,10.1109/ICSSIT46314.2019.8987866,False
224,Design and development of a fNIRS system prototype based on SiPM detectors,10.1117/12.2037559,False
227,Design and Implementation for an Automotive DMS system,10.1109/ICCE-TW46550.2019.8991910,False
228,Design and implementation of a low-cost real-time vein imaging for developing countries,10.1109/ACMI53878.2021.9528143,False
231,Design and realization of a portable multichannel continuous wave fNIRS,10.1109/AEIT.2014.7002013,False
232,Design and Realization of Blood Oxygen and Heart Rate Sensor Nodes in Wireless Body Area Network,10.1109/ICAICA50127.2020.9182480,False
233,Design and validation of a one channel near-infrared spectroscopy system for applications in medicine,10.1007/978-3-319-13117-7_27,False
234,Design of a compact low-power human-computer interaction equipment for hand motion,10.1117/12.2265214,False
236,Design of a miniaturized integrated spectrometer for spectral tissue sensing,10.1117/12.2227920,False
237,Design of a Smartphone Platform Compact Optical System Operational Both in Visible and Near Infrared Spectral Regime,10.1109/JSEN.2018.2832848,False
238,Design of a Suitable NIR System for Monitoring Hemodynamic Changes in the Brain Prefrontal Cortex,10.1007/978-3-030-30648-9_76,False
239,Design of a visible near infrared spectrometer and an application example,,False
240,Design of brain machine interface using portable Near-InfraRed Spectroscopy,10.1109/MHS.2012.6492481,False
241,Design of noninvasive pulse oximeter based on bluetooth 4.0 BLE,10.1109/ISCID.2014.45,False
242,Design of Portable Functional Near-Infrared Spectroscopy-based Brain Monitoring System,10.23919/ELINFOCOM.2019.8706377,False
243,Design of simple noninvasive glucose measuring device,10.1109/ICCEEE.2013.6633935,False
244,"Designing and testing a wearable, wireless fNIRS patch",10.1109/EMBC.2016.7592168,False
245,Detecting forged alcohol non-invasively through vibrational spectroscopy and machine learning,10.1007/978-3-319-93034-3_24,False
247,Detection of Counterfeit Medicines Using Hyperspectral Sensing,10.1109/EMBC44109.2020.9176419,False
249,Detection of Silybum marianum infection with Microbotryum silybum using VNIR field spectroscopy,10.1016/j.compag.2017.03.017,False
250,Detection of spent turmeric adulteration in powdered Curcuma longa using Vis-NIR spectroscopy and machine learning,10.1109/ICEE50728.2020.9776996,False
251,Determination of Fat Content in Foods Using a Near-Infrared Spectroscopy Sensor,10.1109/SENSORS47125.2020.9278647,False
252,Determination of fatty acid content of rice during storage based on feature fusion of olfactory visualization sensor data and near-infrared spectra,10.3390/s21093266,False
254,Developing a portable near-infrared spectroscopy prototype for recognizing brain activities,,False
255,Development and performance test of an in-situ soil total nitrogen-soil moisture detector based on near-infrared spectroscopy,10.1016/j.compag.2019.03.016,False
256,Development and testing of a portable soil nitrogen detector based on near-infrared spectroscopy,10.1109/ITAIC.2019.8785499,False
257,Development and Validation of a Portable AOTF-NIR Measurement Method for the Determination of Baicalin in Yinhuang Oral Solution,10.1109/iCBEB.2012.137,False
258,Development of a dual wavelength 32-channel functional near-infrared spectroscopy based neuroimaging system,10.23919/ICCAS.2017.8204394,False
259,"Development of A Hybrid Mini-Grid sEMG, NIRS and MMG Sensor System for Human-Machine Interaction",10.1109/M2VIP49856.2021.9665110,False
260,Development of a Mobile Functional Near-Infrared Spectroscopy Prototype,10.1007/978-3-030-05081-8_11,False
261,Development of a mobile functional near-infrared spectroscopy prototype and its initial evaluation - lessons learned,10.1145/3197768.3201534,False
263,"Development of a non-invasive, dual-sensor handheld imager for intraoperative preservation of parathyroid glands",10.1109/EMBC46164.2021.9630503,False
264,Development of a nondestructive measurement system for mango fruit using near infrared spectroscopy,10.14456/easr.2017.28,False
265,Development of a Portable Near Infrared Camera for Early Detection of Diabetic Ulcers,10.1109/SBEC.2016.73,False
267,Development of a wireless near-infrared tissue oxygen monitor system with high sampling rate,10.1364/biomed.2012.jm3a.11,False
268,Development of an autonomic portable single-board computer based high resolution NIRS device for microcirculation analysis,10.1109/EMBC.2012.6346654,False
270,Development of an integrated EEG/FNIRS brain function monitoring system,10.3390/s21227703,False
271,Development of an Optical Smart Portable Instrument for Fruit Quality Detection,10.1109/TIM.2020.3011334,False
273,Development of fNIRS-EEG based brain activation energy monitor system,10.1109/I2MTC.2016.7520542,False
274,Development of hand-held nondestructive detection device for assessing meat freshness,10.1117/12.2223300,False
276,Development of Integrated Health Care App for Non - Invasive Bio - Medical Application,10.1109/DISCOVER47552.2019.9007969,False
277,Development of Low-Cost Portable Blood Vessel Imaging System,10.1109/TIPTEKNO53239.2021.9632898,False
278,Development of low-cost portable spectrometers for detection of wood defects,10.3390/s20020545,False
282,Development of portable brain-computer interface using NIRS,10.1109/CONTROL.2014.6915225,False
283,Development of Portable Non-Invasive Blood Glucose Measuring Device Using NIR Spectroscopy,10.1109/ICCONS.2018.8663039,False
284,Development of portable plant components measurement instrument based on near-infrared spectroscopy,10.1109/WCICA.2012.6359175,False
286,Development of Smart Insulin Device for Non Invasive Blood Glucose Level Monitoring,10.1109/IACC.2017.0112,False
288,Development of spectropolarimetric imagers from 400 to 1700 nm,10.1117/12.2052947,False
290,DiabiTech- Non-Invasive Blood Glucose Monitoring System,10.1109/ICAC49085.2019.9103375,False
291,Differential prefrontal response during natural and synthetic speech perception: An fNIR based neuroergonomics study,10.1007/978-3-642-39454-6_25,False
292,Differentiation of organic and non-organic apples using near infrared reflectance spectroscopy — A pattern recognition approach,10.1109/ICSENS.2016.7808530,False
295,DLP NIRscan Nano: An ultra-mobile DLP-based near-infrared Bluetooth spectrometer,10.1117/12.2231054,False
296,Dried red chili peppers pungency assessment by visible and near infrared spectroscopy,10.1117/12.2517069,False
297,Driver cell phone usage detection from HOV/HOT NIR images,10.1109/CVPRW.2014.42,False
298,Dry Electrode-Based Fully Isolated EEG/fNIRS Hybrid Brain-Monitoring System,10.1109/TBME.2018.2866550,False
304,EARLY DETECTION OF ROOT-KNOT NEMATODE (Meloidogyne incognita) INFESTATION IN COTTON USING HYPERSPECTRAL DATA,10.1109/IGARSS47720.2021.9554055,False
306,Eating habits characterization with NIR spectroscopy and bioimpedance wearable sensor,10.1117/12.2301019,False
307,"Effect of Multi-Frequency Whole-Body Vibration on Muscle Activation, Metabolic Cost and Regional Tissue Oxygenation",10.1109/ACCESS.2020.3011691,False
308,Effect of reduced point NIR spectroscopy on glucose prediction error in human blood tissue,10.1007/978-3-030-21726-6_9,False
310,Effects of Casual Computer Game on Cognitive Performance Through Hemodynamic Signals,10.1007/978-3-030-31605-1_35,False
311,Effects of Subjective Visual Fatigue on Brain Function during Luminescent Sentence Reading Task,10.1109/SII46433.2020.9026251,False
315,Eliminating the interference of soil moisture and particle size on predicting soil total nitrogen content using a NIRS-based portable detector,10.1016/j.compag.2014.11.003,False
316,Empirical Estimation of Leaf Chlorophyll Density in Winter Wheat Canopies Using Sentinel-2 Spectral Resolution,10.1109/TGRS.2013.2271813,False
317,Employing broadband spectra and cluster analysis to assess thermal defoliation of cotton,10.1016/j.compag.2014.04.003,False
322,Evaluating a four-class motor-imagery-based optical brain-computer interface,10.1109/EMBC.2014.6944007,False
323,Evaluating a new wearable lactate threshold sensor in recreational to highly trained cyclists,10.1007/s12283-016-0198-6,False
324,Evaluating neural correlates of constant-therapy neurorehabilitation task battery: An fNIRS pilot study,10.1007/978-3-319-39955-3_22,False
325,Evaluating the performance of spectral features and multivariate analysis tools to detect laurel wilt disease and nutritional deficiency in avocado,10.1016/j.compag.2018.10.016,False
327,Evaluation of a 2-channel NIRS-based optical brain switch for motor disabilities' communication tools,10.1587/transinf.E95.D.829,False
328,Evaluation of a miniaturized NIR spectrometer for estimating total curcuminoids in powdered turmeric samples,10.1109/ICEE50728.2020.9776826,False
329,Evaluation of atmospheric water vapor product from the MODIS online visualization and analysis system during the summer of 2015,,False
330,Evaluation of Mobile Phone Performance for Near-Infrared Fluorescence Imaging,10.1109/TBME.2016.2601014,False
332,"Evaluation of salmon, tuna, and beef freshness using a portable spectrometer",10.3390/s20154299,False
333,EXController: Enhancing interaction capability for VR handheld controllers using real-time vision sensing,10.1145/3281505.3283385,False
335,Exploring Relationship Between Driver's Behavior and Cognitive Measures Observed by fNIRS in a Driving Simulator,10.1007/978-3-030-78114-9_18,False
344,Field detection of anthracnose crown rot in strawberry using spectroscopy technology,10.1016/j.compag.2017.01.017,False
349,FNIRS-Based BCI for Robot Control,,False
352,Food powder classification using a portable visible-near-infrared spectrometer,10.26866/jees.2017.17.4.186,False
358,Frontal lobe oxyhemoglobin levels in patients with lower extremity burns assessed using a functional near-Infrared spectroscopy device during usual walking: a pilot study,10.1080/10255842.2020.1812583,False
362,Functional near infrared spectroscopy (fNIRS) in pigmented subjects: A maneuver to confirm sufficient transcutaneous photon transmission for measurement of hemodynamic change in the anterior cortex.,10.1117/12.2525240,False
364,Functional Network Alterations in Patients With Amnestic Mild Cognitive Impairment Characterized Using Functional Near-Infrared Spectroscopy,10.1109/TNSRE.2019.2956464,False
365,Fusing Near-Infrared Spectroscopy With Wearable Hemodynamic Measurements Improves Classification of Mental Stress,10.1109/JSEN.2018.2872651,False
368,Gaze detection by wearable eye-tracking and NIR LED-based head-tracking device based on SVR,10.4218/etrij.12.0111.0193,False
369,Gesture recognition for transhumeral prosthesis control using EMG and NIR,10.1049/iet-csr.2020.0008,False
370,Green tea could improve the performance of cognitive tasks: A pilot study with wearable brain imaging device,10.1109/ICAMechS.2018.8506748,False
373,Ground-based high resolution Fourier transform spectrometer and its application in Beijing,10.1117/12.2029014,False
374,Ground-truthing of UAV-based remote sensing data of citrus plants,10.1117/12.2303614,False
376,Handheld detector using NIR for bottled liquid explosives,10.1117/12.2067191,False
377,Handheld highly selective plasmonic chem/biosensor using engineered binding proteins for extreme conformational changes,10.1117/12.2273207,False
378,Handheld NIRS for forage evaluation,10.1016/j.compag.2021.106469,False
381,HemodynamicVR-Adapting the User's Field of View during Virtual Reality Locomotion Tasks to Reduce Cybersickness using Wearable Functional Near-Infrared Spectroscopy,10.1145/3458709.3458994,False
388,High-performance microscale optoelectronic infrared-to-visible upconversion devices and their use as the biomedical light sources,10.1117/12.2540465,False
389,High-resolution visible and infrared imaging for large paintings: A case study on Israel in Egypt by Poynter,10.1117/12.2525714,False
391,Holographic dual system for display and infrared imaging,10.1364/DH.2019.M4A.6,False
392,Hybrid Spectral-IRDx: Near-IR and Ultrasound Attenuation System for Differentiating Breast Cancer From Adjacent Normal Tissue,10.1109/TBME.2021.3077582,False
394,Hyperspectral imaging for differentiation of foreign materials from pinto beans,10.1117/12.2207797,False
397,Hyperspectral remote sensing applications for monitoring and stress detection in cultural plants: Viral infections in tobacco plants,10.1117/12.974722,False
398,Hyperspectral sensing based analysis for determining milk adulteration,10.1117/12.2223439,False
399,Hyperspectral venous image quality assessment for optimum illumination range selection based on skin tone characteristics,10.1186/1475-925X-13-109,False
401,Identification of fNIRS based brain activity using adaptive algorithm,10.1109/ICRAI.2012.6413399,False
403,Identifying appropriate feature to distinguish between resting and active condition from FNIRS,10.1109/SPIN.2016.7566781,False
404,iGLU 2.0: A New Wearable for Accurate Non-Invasive Continuous Serum Glucose Measurement in IoMT Framework,10.1109/TCE.2020.3011966,False
412,"Implementation of a Novel, Integrative Approach for Optical 3D Positional Tracking towards Accurate Co-registered Imaging Using Hand-Held Optical Imagers",10.1109/SBEC.2013.49,False
413,Implementation of multi-connected single-channel functional near-infrared spectroscopy system for hyperscanning study,10.1109/BCI48061.2020.9061618,False
415,In situ monitoring of sugar content in breakfast cereals using a novel ft-nir spectrometer,10.3390/app10248774,False
420,In-field measurement of starch content of cassava tubers using handheld vis-near infrared spectroscopy implemented for breeding programmes,10.1016/j.compag.2020.105607,False
421,In-field Vis/NIR hyperspectral imaging to measure soluble solids content of wine grape berries during ripening,10.1109/MetroAgriFor50201.2020.9277621,False
423,In-situ screening of soybean quality with a novel handheld near-infrared sensor,10.3390/s20216283,False
424,In-vivo quantification of lactate using Near Infrared reflectance spectroscopy,10.1109/EMBC46164.2021.9630235,False
426,Influence of extracerebral layers on estimates of optical properties with continuous wave near infrared spectroscopy: analysis based on multi-layered brain tissue architecture and Monte Carlo simulation,10.1080/24699322.2018.1557902,False
429,Infrared Bioengineering Feedback Cabin for Recovering Functional Reserves of a Human Organism,10.1007/s10891-020-02090-y,False
433,Instrumenting smartphones with portable NIRS,10.1145/2968219.2971590,False
435,Integrated device for the measurement of systemic and local oxygen transport during physical exercise,10.1109/EMBC.2012.6346785,False
437,Integrated Sensors for Early Breast Cancer Diagnostics,10.1109/DDECS.2018.00034,False
438,Integrated silicon-on-insulator broadband spectrometer with a high resolution,10.1117/12.2523086,False
443,Introducing a low-cost Mini-UAV for thermal- and multispectral-imaging,,False
444,Investigation of stratigraphic mapping in paintings using micro-Raman spectroscopy,10.1117/12.2225211,False
449,Isophote-based Low-Computing-Power Eye-Detection Embedded-System,10.1109/TLA.2019.9082246,False
450,Joint empirical mode decomposition and singular spectrum analysis based pre-processing method for wearable non-invasive blood glucose estimation,10.1109/SIPROCESS.2019.8868879,False
451,Joint NIR-BIS Based Non-Invasive Glucose Monitoring System,10.1109/ICM.2018.8704063,False
453,Kiwifruits ripening assessment by portable hyperspectral devices,10.1117/12.2297353,False
455,"Latest developments in Texas Instruments DLP{\textregistered} near-infrared spectrometers enable the next generation of embedded compact, portable systems",10.1117/12.2177430,False
456,Leaf Scanner: A portable and low-cost multispectral corn leaf scanning device for precise phenotyping,10.1016/j.compag.2019.105069,False
457,Linear discriminant analysis based Indian fruit juice classification using NIR spectrometry data,10.1109/CONFLUENCE.2014.6949371,False
465,Low-cost functional near infrared spectroscopy (fnirs) applied on brain-computer interfaces (bcis),10.1007/978-981-13-2119-1_76,False
467,Low-cost lightweight airborne laser-based sensors for pipeline leak detection and reporting,10.1117/12.2015813,False
468,Low-cost near-infrared measurement of subcutaneous fat for newborn malnutrition,10.1117/12.2044764,False
475,"M3BA: A Mobile, Modular, Multimodal Biosignal Acquisition Architecture for Miniaturized EEG-NIRS-Based Hybrid BCI and Monitoring",10.1109/TBME.2016.2594127,False
478,Making the Home Accessible - Experiments with an Infrared Handheld Gesture-Based Remote Control,10.1007/978-3-030-50732-9_13,False
480,Mask-off: Synthesizing face images in the presence of head-mounted displays,10.1109/VR.2019.8797925,False
481,Measurement of dermal water content using a multi-wavelength optical sensor,10.1109/EMBC44109.2020.9176619,False
482,Measuring Cerebral Activation From fNIRS Signals: An Approach Based on Compressive Sensing and Taylor–Fourier Model,10.1109/TIM.2016.2518363,False
483,Measuring Interaction Proxemics with Wearable Light Tags,10.1145/3191757,False
484,Measuring the Effects of Messaging on Consumer Decision-Making Using Functional Near Infrared Spectroscopy,10.1007/978-3-030-51041-1_25,False
485,MEMS FPI-based smartphone hyperspectral imager,10.1117/12.2229575,False
486,MEMS scanner mirror based system for retina scanning and in eye projection,10.1117/12.2079468,False
487,MEMS-based miniature near-infrared spectrometer for application in environmental and food monitoring,,False
490,Method for Most Appropriate Plucking Date Determination based on the Elapsed Days after Sprouting with NIR Reflection from Sentinel-2 Data,10.14569/IJACSA.2021.0120404,False
491,Method for quantitative broadband diffuse optical spectroscopy of tumor-like inclusions,10.3390/app10041419,False
492,"Micromega IR, an infrared hyperspectral microscope for space exploration",10.1117/12.2309147,False
493,Micromega IR: A new infrared hyperspectral imaging microscope or in situ analysis,10.1117/12.2308234,False
499,Mineral identification and geological mapping using near-infrared spectroscopy analysis,10.1109/PIC.2017.8359526,False
501,Miniature near-infrared spectrometer for point-of-use chemical analysis,10.1117/12.2040669,False
504,Miniaturized NIR scanning grating spectrometer for use in mobile phones,10.1117/12.2223759,False
507,Miniaturized Zero-Power Infrared Sensor for Persistent and Large-Scale Human Presence Monitoring at Borders,10.1109/HST53381.2021.9619799,False
508,Mobile application development for spectral signature of weed species in rice farming,10.47836/PJST.29.4.01,False
509,Mobile Hyperspectral Imaging for Material Surface Damage Detection,10.1061/(ASCE)CP.1943-5487.0000934,False
510,Mobile NIR iris recognition: Identifying problems and solutions,10.1109/BTAS.2018.8698590,False
511,Mobile phone operations using human eyes only and its applications,10.14569/IJACSA.2018.090322,False
514,Monitoring expertise development during simulated UAV piloting tasks using optical brain imaging,10.1109/AERO.2012.6187350,False
516,Monitoring Pilot's Cognitive Fatigue with Engagement Features in Simulated and Actual Flight Conditions Using an Hybrid fNIRS-EEG Passive BCI,10.1109/SMC.2018.00102,False
520,Motor Training Using Mental Workload (MWL) With an Assistive Soft Exoskeleton System: A Functional Near-Infrared Spectroscopy (fNIRS) Study for Brain--Machine Interface (BMI),10.3389/fnbot.2021.605751,False
521,Movement artefact removal from NIRS signal using multi-channel IMU data,10.1186/s12938-018-0554-9,False
524,Multi-band Hough Forests for detecting humans with Reflective Safety Clothing from mobile machinery,10.1109/ICRA.2015.7139255,False
525,Multi-channel Near-Infrared Spectroscopy (NIRS) system for noninvasive monitoring of brain activity,10.1109/BHI.2012.6211548,False
527,Multi-sensor Energy Efficient Obstacle Detection,10.1109/DSD.2019.00014,False
530,Multi-wavelength excitation Raman spectrometers and microscopes for measurements of real-world samples,10.1117/12.970567,False
531,Multimodal Analysis Using Neuroimaging and Eye Movements to Assess Cognitive Workload,10.1007/978-3-030-50353-6_4,False
532,Multimodal material classification for robots using spectroscopy and high resolution texture imaging,10.1109/IROS45743.2020.9341165,False
533,Multispectral hand features for secure biometric authentication systems,10.1002/cpe.6471,False
535,Multispectral object detection for autonomous vehicles,10.1145/3126686.3126727,False
542,Near infrared sensing techniques for initial preservative latex measurement,10.1109/ICSIMA.2015.7559029,False
543,Near infrared spectrometry for assessment of bone mineral density,10.1016/j.procs.2018.10.371,False
544,Near infrared spectroscopy signal processing for interfacing brain function,10.1109/VECIMS.2012.6273196,False
546,Near-infrared coded illumination-based image deblurring and colorization,10.1109/ICEIC51217.2021.9369762,False
547,Near-infrared illumination add-on for mobile hand-vein acquisition,10.1109/BTAS.2018.8698575,False
548,Near-infrared optical MEMS spectrometer-based quantification of fat concentration in milk,10.1109/NRSC.2018.8354389,False
549,Near-infrared spectroscopy based on portable instrument for the assessment of glucose concentration: In vitro experiments,10.1007/978-3-319-32703-7_146,False
551,Neural correlates of affective context in facial expression analysis: A simultaneous EEG-fNIRS study,10.1109/GlobalSIP.2015.7418311,False
553,Neuroergonomic Assessment of Wheelchair Control Using Mobile fNIRS,10.1109/TNSRE.2020.2992382,False
554,Neurofeedback for personalized adaptive training,10.1007/978-3-319-60642-2_8,False
555,Neurophysiological Evaluation of Haptic Feedback for Myoelectric Prostheses,10.1109/THMS.2021.3066856,False
557,NIR Camera Based Mobile Seat Belt Enforcement System Using Deep Learning Techniques,10.1109/SITIS.2018.00045,False
558,NIR intensity sensor for water pressure monitoring,10.1117/12.2260432,False
560,"NIR spectroscopic sensing for point-of-need freshness assessment of meat, fish, vegetables and fruits",10.1117/12.2261803,False
562,NIR-based gaze tracking with fast pupil ellipse fitting for real-time wearable eye trackers,10.1109/DESEC.2017.8073839,False
564,Nitrogen Status Assessment for Multiple Cultivars of Strawberries Using Portable FT-NIR Spectrometers Combined with Cultivar Recognition and Multivariate Analysis,10.1109/ACCESS.2020.3007862,False
567,Non-destructive assessment of chloride in persimmon leaves using a miniature visible near-infrared spectrometer,10.1016/j.compag.2019.104894,False
568,Non-destructive evaluation of polyolefin thermal aging using infrared spectroscopy,10.1117/12.2261983,False
569,Non-invasive bladder volume sensing for neurogenic bladder dysfunction management,10.1109/BSN.2018.8329664,False
570,Non-Invasive Blood Glucose Monitoring using Near-Infrared Spectroscopy based on Internet of Things using Machine Learning,10.1109/R10-HTC47129.2019.9042479,False
572,Non-invasive Glucose Monitoring System Utilizing Near-Infrared Technology,10.1007/978-981-13-5859-3_71,False
573,Non-invasive study of natural dyes in textiles of the Qing Dynasty using fiber optic reflectance spectroscopy,10.1016/j.culher.2020.10.013,False
574,Noncontact 3-D Speckle Contrast Diffuse Correlation Tomography of Tissue Blood Flow Distribution,10.1109/TMI.2017.2708661,False
575,Noninvasive and Portable Diagnoses for Brain and Heart Disorder: Angle-Distinguishable Infrared Spectroscopy Based Upon a Three Dimensional Resonant Toroid Version of Whispering Gallery Modes,10.1109/IPCon.2018.8527167,False
576,Noninvasive optical diagnostic techniques for mobile blood glucose and bilirubin monitoring,10.4103/jmss.JMSS-8-18,False
577,Noninvasive Optical Monitoring of Bladder Filling to Capacity Using a Wireless Near Infrared Spectroscopy Device,10.1109/TBCAS.2013.2272013,False
582,Novel real-time nondestructive technology for chemical and structural health management of solid rocket propellants,,False
583,Novel use of shortwave infrared hyperspectral imaging for standoff detection of explosives and narcotics in room clearing applications,10.1117/12.2305040,False
584,"NU-Spidercam: A large-scale, cable-driven, integrated sensing and robotic system for advanced phenotyping, remote sensing, and agronomic research",10.1016/j.compag.2019.03.009,False
585,Nutrilyzer: A mobile system for characterizing liquid food with photoacoustic effect,10.1145/2994551.2994572,False
586,NV-CMOS HD camera for day/night imaging,10.1117/12.2050606,False
588,On near-infrared optical properties of ethanol for a wearable blood alcohol sensor,10.1109/GCCE50665.2020.9291911,False
589,On the environmental gas sensing using MEMS FTIR spectrometer in the near-infrared region,10.1109/NRSC.2016.7450858,False
590,On-chip plasmonic photonic crystals for near-infrared absorption spectroscopy,10.1109/PIERS.2016.7734995,False
593,Onset Classification in Hemodynamic Signals Measured During Three Working Memory Tasks Using Wireless Functional Near-Infrared Spectroscopy,10.1109/JSTQE.2018.2883890,False
594,Onsite nutritional diagnosis of tea plants using micro near-infrared spectrometer coupled with chemometrics,10.1016/j.compag.2020.105538,False
596,Optical biopsy of skin cancer based on Raman and fluorescence spectroscopy,10.1117/12.2581594,False
597,Optical Characterization of Tissue Phantoms Using a Silicon Integrated fdNIRS System on Chip,10.1109/TBCAS.2016.2586103,False
598,Optical design for novel glasses-type 3D wearable ophthalmoscope,10.3390/app9040717,False
600,Optical Properties and Molar Hemoglobin Concentration of Skeletal Muscles Measured In Vivo With Wearable Near Infrared Spectroscopy,10.1109/JSEN.2018.2794969,False
601,Optical Sensing Technique Investigation for Preservative Latex Measurement,10.1109/SCORED.2019.8896271,False
604,Optoelectronic device for hematocrit measurements,10.1117/12.2203448,False
605,Optoelectronic sensor for measuring ethanol content during grape must fermentation using NIR spectroscopy,10.1007/s00542-016-2835-1,False
606,Organic multi-channel optoelectronic sensors for wearable health monitoring,10.1109/ACCESS.2019.2939798,False
607,Osmotic Agent Level Maintaining in Wearable Peritoneal Disalysis System,10.1109/ElConRus51938.2021.9396399,False
611,"Penetration depth of near-infrared light in small, thin-skin watermelon",10.1007/978-3-319-48354-2_21,False
612,Performance characterization of VNIR &amp; SWIR spectropolarimetric imagers,10.1117/12.2177099,False
614,Pharmaceutical tablet classification using a portable spectrometer with combinations of visible and near-infrared spectra,10.1109/ICUFN.2017.7993951,False
615,Photo therapy based designed device for hyper-pigmentation,10.1109/ICOEI.2019.8862667,False
617,Pilot State Monitoring Wearable Systems in Real Environment: Pilot's Usability and Acceptance Feedback to Enhance Risk Management,10.1007/978-3-030-80091-8_10,False
620,Plastic sorting with an integrated NIR spectral sensor,10.1109/CLEO/Europe-EQEC52157.2021.9542482,False
621,Pocket-size near-infrared spectrometer for narcotic materials identification,10.1117/12.2050019,False
622,Polymer type identification of marine plastic litter using a miniature near-infrared spectrometer (Micronir),10.3390/app10238707,False
623,Portable and wireless imaging of dorsal hand vein,10.11591/ijeecs.v19.i2.pp693-700,False
624,Portable bi-λ SWIR/NIR gated viewing system for surveillance and security applications,10.1117/12.2325163,False
625,Portable Device for Transformer Oil Inhibitor Content Analysis Using Near-Infrared Spectroscopy Wavelength,10.1109/IAS44978.2020.9334762,False
627,Portable IoT NIR Spectrometer for Detecting Undesirable Substances in Forages of Dairy Farms,10.1109/ISSI47111.2019.9043656,False
629,Portable multichannel heterodyne spectroradiometer for simultaneous atmospheric CO<inf>2</inf> and CH<inf>4</inf> precision column measurement in the near-infrared range,10.1117/12.2575506,False
631,Portable near infrared spectroscopy as a tool for fresh tomato quality control analysis in the field,10.3390/app11073209,False
632,Portable NIR bottled liquid explosive detector,10.1117/12.2229380,False
633,Portable NIR Spectroscopy Measuring Device for Transformer Oil DBPC Inhibitor Analysis,10.1109/TIA.2021.3057357,False
634,Portable non-invasive glucometer using near-infrared sensor and raspberry Pi,10.1109/ELTICOM50775.2020.9230496,False
635,Portable Photoglottography for Monitoring Vocal Fold Vibrations in Speech Production,10.1109/ICASSP39728.2021.9413770,False
636,Portable SoC design for CW diffusion optical tomography,10.1109/ICCE.2012.6161896,False
640,Predicting future performance based on current brain activity: An FNIRS and EEG study,10.1109/SMC.2019.8914412,False
641,Predicting key agronomic soil properties with UV-Vis fluorescence measurements combined with Vis-NIR-SWIR reflectance spectroscopy: A farm-scale study in a mediterranean viticultural agroecosystem,10.3390/s18041157,False
642,Prediction of organic and inorganic carbon contents in soil: Vis-NIR vs. MIR spectroscopy,10.1109/CECNet.2012.6202181,False
643,Prediction of pellet quality through machine learning techniques and near-infrared spectroscopy,10.1016/j.cie.2020.106566,False
644,Prediction of soil nitrogen from spectral features using supervised self organising maps,10.1007/978-3-319-23983-5_12,False
645,"Prediction performance of portable near infrared reflectance instruments using preprocessed dried, ground forage samples",10.1016/j.compag.2021.106013,False
646,Prefrontal Cortical Activation while Doing Mindfulness Task: A Pilot Functional Near-Infrared Spectroscopy Study,10.1109/EMBC44109.2020.9175464,False
647,Preliminary study of neurocognitive differences in attention and fluency in Schizophrenia using fNIRS,10.1109/NER.2017.8008304,False
648,Preliminary study: Spectral reflectance properties of microalgae in freshwater,10.1109/IconSpace.2013.6599491,False
649,Preventing relay attacks in mobile transactions using infrared light,10.1145/3019612.3019794,False
651,Probing sucrose contents in everyday drinks using miniaturized near-infrared spectroscopy scanners,10.1145/3369834,False
656,Prosthetic Face Makeups and Detection,10.1007/978-3-030-79997-7_26,False
657,Prototype design for wearable veins localization system using near infrared imaging technique,10.1109/CSPA.2015.7225628,False
658,Pupil and glint detection using wearable camera sensor and near-infrared LED array,10.3390/s151229792,False
660,Quality control of woodchip energy parameters usign near infrared spectroscopy coupled with chemometrics,10.1109/MetroAgriFor52389.2021.9628425,False
662,Quantifying programmers' mental workload during program comprehension based on cerebral blood flow measurement: A controlled experiment,10.1145/2591062.2591098,False
665,Rapid assessment of high value samples: An AOTF-LDTOF spectrometer suite for planetary surfaces,10.1109/AERO.2012.6187060,False
666,Rapid Classification of Respiratory Syncytial Virus and Sendai Virus by a Low-cost and Portable Near-infrared Spectrometer,10.1109/SENSORS47087.2021.9639533,False
667,Rapid estimation of potato quality parameters by a portable near-infrared spectroscopy device,10.3390/s21248222,False
668,Rapid-detection sensor for rice grain moisture based on NIR spectroscopy,10.3390/app9081654,False
669,Real time detection of soil moisture in winter jujube orchard based on NIR spectroscopy,10.1007/978-3-642-36137-1_52,False
670,Real Time Vein Detection and Mapping using near Infra-Red Lights,10.1109/INDICON49873.2020.9342163,False
672,Real-time Molecular Analysis Methods Based on Cloud Computing,10.23919/ICACT48636.2020.9061274,False
673,Real-time needle steering in response to rolling vein deformation by a 9-DOF image-guided autonomous venipuncture robot,10.1109/IROS.2015.7353736,False
674,Real-time quantification of crude protein and neutral detergent fibre in pastures under montado ecosystem using the portable nir spectrometer,10.3390/app112210638,False
675,"Real-time, wide-area hyperspectral imaging sensors for standoff detection of explosives and chemical warfare agents",10.1117/12.2262716,False
676,RealSense = real heart rate: Illumination invariant heart rate estimation from videos,10.1109/IPTA.2016.7820970,False
683,Reduction of Variations Using Chemometric Model Transfer: A Case Study Using FT-NIR Miniaturized Sensors,10.1007/978-3-030-14118-9_27,False
685,Remote Sensing of 3-D Geometry and Surface Moisture of a Peat Production Area Using Hyperspectral Frame Cameras in Visible to Short-Wave Infrared Spectral Ranges Onboard a Small Unmanned Airborne Vehicle (UAV),10.1109/TGRS.2016.2565471,False
686,Research of Portable Tea Polyphenols Detector,10.1109/ICECTT.2019.00040,False
692,Restoring the sense of bladder fullness for spinal cord injury patients,10.1016/j.smhl.2018.07.014,False
693,Results from an integrated AOTF-LDTOF spectrometer suite for planetary surfaces,10.1109/AERO.2013.6497177,False
702,"Scanning, standoff TDLAS leak imaging and quantification",10.1117/12.2264799,False
704,Seasonal dynamic change in spectrum of two invasive plants in Taiwan: Mikania micrantha and Chromolaena odorata,,False
705,Securitas: User identification through RGB-NIR camera pair on mobile devices,10.1145/2516760.2516766,False
706,SeeFruits: Design and evaluation of a cloud-based ultra-portable NIRS system for sweet cherry quality detection,10.1016/j.compag.2018.07.017,False
707,Seeing into the brain of an actor with mocap and fNIRS,10.1145/3267242.3267284,False
708,Self-contained diffuse optical imaging system for real-time detection and localization of vascular occlusions,10.1109/EMBC.2015.7319730,False
710,SensIR: Detecting hand gestures with a wearable bracelet using infrared transmission and reflection,10.1145/3126594.3126604,False
712,Sensor Fusion in Human Cyber Sensor System for Motion Artifact Removal from NIRS Signal,10.1109/HSI47298.2019.8942617,False
713,Sensor-based hand gesture control system for safe driving,,False
715,Sensory Particles with Optical Telemetry,10.1109/ISCAS45731.2020.9180905,False
716,Shining Light on the Human Brain: An Optical BCI for Communicating with Patients with Brain Injuries,10.1109/SMC42975.2020.9283123,False
717,Short-wave near-infrared spectrometer for alcohol determination and temperature correction,10.1155/2012/728128,False
720,Simulation and Validation of the InfraSnow: An Instrument to Measure Snow Optically Equivalent Grain Size,10.1109/TGRS.2013.2280502,False
722,Simultaneous opto-acoustic 3D pose estimation of multiple objects with near-far mitigation for economical indoor localization,10.1109/AIM.2019.8868825,False
724,SmartNIR - Development of a highly miniaturised NIR-spectrometer for integration into mobile devices,,False
726,"Soil organic carbon and particle sizes mapping using vis-NIR, EC and temperature mobile sensor platform",10.1016/j.compag.2015.03.013,False
728,"Soil profile analysis using interactive visualizations, machine learning, and deep learning",10.1016/j.compag.2021.106539,False
729,Sparkle: Hover Feedback with Touchable Electric Arcs,10.1145/3025453.3025782,False
732,Spectral analysis and sensitive waveband determination based on nitrogen detection of different soil types using near infrared sensors,10.3390/s18020523,False
733,Spectral discrimination of macrophyte species during different seasons in a tropical wetland using in-situ hyperspectral remote sensing,10.1117/12.2278062,False
736,Spectral preprocessing for hyperspectral remote sensing of heavy metals in water,10.5194/isprs-archives-XLII-2-W13-1869-2019,False
737,Spectral reflectance measurement and the principal component analysis and correlation analysis of trees in visible and near infrared,10.1117/12.2501165,False
744,State estimation and localization based on sensor fusion for autonomous robots in indoor environment,10.3390/computers9040084,False
747,Study on Modeling Method of Chemical Composition of Tobacco for Micro Near Infrared Instrument,10.1109/ICIBA52610.2021.9688144,False
751,Supra-Spinal Modulation of Walking in Healthy Individuals and Persons with Multiple Sclerosis: A fNIRS Mobile Imaging Study,10.1109/EMBC.2018.8513052,False
755,System Design for Wearable Blood Oxygen Saturation and Pulse Measurement Device,10.1016/j.promfg.2015.07.197,False
757,Tangram solved? Prefrontal cortex activation analysis during geometric problem solving,10.1109/EMBC.2012.6347022,False
762,The analysis of the brain state measuring by NIRS-based BMI in answering yes-no questions,10.1016/j.procs.2015.08.189,False
764,The application of near-infrared spectral data in studying the chloritized rocks,10.1117/12.2067870,False
767,The camceiver: Empowering robust agile indoor optical wireless for massive data centres,10.1109/TSP.2019.8769079,False
770,The development of a multi-band handheld fusion camera,10.1117/12.2533044,False
772,The effects of two game interaction modes on cortical activation in subjects of different ages: A functional near-infrared spectroscopy study,10.1109/ACCESS.2021.3050210,False
774,The first portable solar and stellar adaptive optics,10.1117/12.2055349,False
779,The potential of a classification-based algorithm to calculate calories in real-time via Pattern Recognition,,False
780,The Potential of Functional Near-Infrared Spectroscopy (fNIRS) for Motion-Intensive Game Paradigms,10.1007/978-3-030-92182-8_9,False
781,The potential of UV-VIS-NIR absorption spectroscopy in glass studies,10.1117/12.975684,False
784,The validation of a portable functional nirs system for assessing mental workload,10.3390/s21113810,False
785,The video intelligent car based on wireless sensor,10.1007/s10586-017-1100-4,False
788,Three-Dimensional Localization of Bats: Visual and Acoustical,10.1109/JSEN.2019.2907399,False
794,Towards a hybrid P300-based BCI using simultaneous fNIR and EEG,10.1007/978-3-642-39454-6_35,False
796,Towards a Portable Platform Integrated With Multispectral Noncontact Probes for Delineating Normal and Breast Cancer Tissue Based on Near-Infrared Spectroscopy,10.1109/TBCAS.2020.3005971,False
797,Towards a smart bandage with functional near infrared spectroscopy capability,10.1109/BioWireleSS.2013.6613659,False
802,Towards gamers' experience level decoding with optical brain imaging,10.1109/CEEC47804.2019.8974320,False
805,Translation of a portable diffuse optical breast scanner probe for clinical application: A preliminary study,10.1088/2057-1976/ab6e19,False
808,Twin low-cost infrared range finders for detecting obstacles using in mobile platforms,10.1109/ROBIO.2012.6491261,False
818,Use of Invisible Noise Signals to Prevent Privacy Invasion through Face Recognition from Camera Images,10.1145/2393347.2396460,False
820,User trust in assisted decision-making using miniaturized near-infrared spectroscopy,10.1145/3411764.3445710,False
826,Vein Biometric Recognition on a Smartphone,10.1109/ACCESS.2020.3000044,False
831,Visible/near infrared reflection spectrometer and electronic nose data fusion as an accuracy improvement method for portable total soluble solid content detection of orange,10.3390/app9183761,False
833,Wadoro: An autonomous mobile robot for surveillance,10.1109/ICPEICES.2016.7853652,False
834,Water correction algorithm to increase the signal strength of oxy and deoxy-hemoglobin in near-infrared spectroscopy signals,10.1109/ICIT.2014.6894908,False
836,Wavelet transform analysis the recognizing brain activities for development the palm-size and simplification near-infrared spectroscopy prototype system by using arduino,10.20965/jaciii.2018.p0306,False
838,Wearable near-infrared spectroscopy neuroimaging and its applications,10.1109/EMBC.2015.7319277,False
840,Wearable Shoulder Periarthritis Photon Therapy Device,10.1109/ICCE-TW46550.2019.8991846,False
841,Wearable SiPM-Based NIRS Interface Integrated With Pulsed Laser Source,10.1109/TBCAS.2019.2951539,False
843,Wearable wireless real-time cerebral oximeter for measuring regional cerebral oxygen saturation,10.1007/s11432-020-2995-5,False
844,Wearable wireless tongue controlled assistive device using optical sensors,10.1109/WOCN.2013.6616212,False
845,"Wearable, Fiber-less, Multi-Channel System for Continuous Wave Functional Near Infrared Spectroscopy Based on Silicon Photomultipliers Detectors and Lock-In Amplification",10.1109/EMBC.2019.8857206,False
846,"WearLight: Toward a Wearable, Configurable Functional NIR Spectroscopy System for Noninvasive Neuroimaging",10.1109/TBCAS.2018.2876089,False
847,What Does Sleeping Brain Tell About Stress? A Pilot Functional Near-Infrared Spectroscopy Study Into Stress-Related Cortical Hemodynamic Features During Sleep,10.3389/fcomp.2021.774949,False
851,Wireless Recording Systems: From Noninvasive EEG-NIRS to Invasive EEG Devices,10.1109/TBCAS.2013.2255595,False
854,Worldwide auto-mobi: Arduino IoT home automation system for IR devices,10.1109/CRCSIT.2017.7965533,False
855,Wrist Photo-Plethysmography and Bio-Impedance Sensor for Cuff-Less Blood Pressure Monitoring,10.1109/ICSENS.2018.8589559,False
